Feature,Importance
energy_rolling_mean_3h,0.5264535935336545
energy_lag_2h,0.23571387365477267
energy_lag_1h,0.23406163403045177
zone3_heat_index,0.0010024071323368102
zone3_temperature,0.0009577948550077137
zone1_heat_index,0.000675101550358115
zone1_temperature,0.0006236914972477027
avg_zone_humidity,0.00030258258422344086
zone2_temperature,0.00012154164840717033
zone6_temperature,8.777951354009581e-05
